"id","deaths"
"0001","24"
"0002","22"
"0003","28"
"0004","22"
"0005","16"
"0006","28"
"0007","20"
"0008","16"
"0009","14"
"0010","10"
"0011","18"
"0012","18"
"0013","16"
"0014","20"
"0015","26"
"0016","14"
"0017","20"
"0018","16"
"0019","22"
"0020","16"
"0021","18"
"0022","8"
"0023","18"
"0024","26"
"0025","16"
"0026","16"
"0027","14"
"0028","20"
"0029","20"
"0030","12"
"0031","22"
"0032","22"
"0033","24"
"0034","8"
"0035","30"
"0036","18"
"0037","24"
"0038","24"
"0039","20"
"0040","22"
"0041","18"
"0042","22"
"0043","18"
"0044","12"
"0045","6"
"0046","24"
"0047","22"
"0048","26"
"0049","26"
"0050","26"
"0051","16"
"0052","24"
"0053","16"
"0054","18"
"0055","30"
"0056","16"
"0057","8"
"0058","12"
"0059","32"
"0060","22"
"0061","32"
"0062","18"
"0063","26"
"0064","36"
"0065","16"
"0066","24"
"0067","22"
"0068","16"
"0069","34"
"0070","12"
"0071","16"
"0072","16"
"0073","12"
"0074","8"
"0075","28"
"0076","18"
"0077","22"
"0078","26"
"0079","20"
"0080","20"
"0081","22"
"0082","28"
"0083","18"
"0084","24"
"0085","24"
"0086","22"
"0087","26"
"0088","28"
"0089","16"
"0090","18"
"0091","20"
"0092","16"
"0093","26"
"0094","12"
"0095","28"
"0096","14"
"0097","20"
"0098","20"
"0099","14"
"0100","18"
"0101","18"
"0102","28"
"0103","14"
"0104","34"
"0105","28"
"0106","30"
"0107","30"
"0108","18"
"0109","22"
"0110","18"
"0111","20"
"0112","16"
"0113","20"
"0114","16"
"0115","20"
"0116","16"
"0117","18"
"0118","18"
"0119","18"
"0120","22"
"0121","36"
"0122","26"
"0123","10"
"0124","26"
"0125","28"
"0126","18"
"0127","26"
"0128","32"
"0129","24"
"0130","12"
"0131","22"
"0132","10"
"0133","14"
"0134","24"
"0135","12"
"0136","26"
"0137","12"
"0138","20"
"0139","22"
"0140","14"
"0141","18"
"0142","18"
"0143","18"
"0144","18"
"0145","14"
"0146","22"
"0147","22"
"0148","36"
"0149","16"
"0150","22"
"0151","22"
"0152","12"
"0153","8"
"0154","32"
"0155","20"
"0156","16"
"0157","28"
"0158","24"
"0159","16"
"0160","14"
"0161","12"
"0162","22"
"0163","24"
"0164","20"
"0165","12"
"0166","16"
"0167","28"
"0168","20"
"0169","18"
"0170","20"
"0171","10"
"0172","12"
"0173","40"
"0174","16"
"0175","16"
"0176","24"
"0177","32"
"0178","10"
"0179","26"
"0180","10"
"0181","26"
"0182","24"
"0183","20"
"0184","16"
"0185","14"
"0186","4"
"0187","18"
"0188","20"
"0189","26"
"0190","26"
"0191","14"
"0192","24"
"0193","24"
"0194","28"
"0195","18"
"0196","12"
"0197","10"
"0198","22"
"0199","26"
"0200","12"
"0201","18"
"0202","20"
"0203","22"
"0204","26"
"0205","26"
"0206","26"
"0207","14"
"0208","30"
"0209","18"
"0210","34"
"0211","14"
"0212","20"
"0213","26"
"0214","28"
"0215","18"
"0216","22"
"0217","20"
"0218","32"
"0219","14"
"0220","22"
"0221","16"
"0222","28"
"0223","34"
"0224","18"
"0225","20"
"0226","14"
"0227","28"
"0228","12"
"0229","18"
"0230","20"
"0231","32"
"0232","22"
"0233","18"
"0234","22"
"0235","16"
"0236","16"
"0237","24"
"0238","18"
"0239","22"
"0240","24"
"0241","24"
"0242","30"
"0243","22"
"0244","22"
"0245","28"
"0246","22"
"0247","18"
"0248","22"
"0249","30"
"0250","16"
"0251","16"
"0252","10"
"0253","20"
"0254","14"
"0255","22"
"0256","18"
"0257","8"
"0258","16"
"0259","18"
"0260","24"
"0261","16"
"0262","20"
"0263","16"
"0264","14"
"0265","14"
"0266","14"
"0267","18"
"0268","20"
"0269","14"
"0270","18"
"0271","20"
"0272","22"
"0273","6"
"0274","14"
"0275","16"
"0276","22"
"0277","20"
"0278","34"
"0279","24"
"0280","26"
"0281","10"
"0282","24"
"0283","12"
"0284","14"
"0285","22"
"0286","20"
"0287","22"
"0288","28"
"0289","14"
"0290","16"
"0291","18"
"0292","16"
"0293","16"
"0294","18"
"0295","12"
"0296","16"
"0297","24"
"0298","14"
"0299","24"
"0300","24"
"0301","10"
"0302","26"
"0303","18"
"0304","16"
"0305","20"
"0306","4"
"0307","10"
"0308","22"
"0309","20"
"0310","26"
"0311","14"
"0312","12"
"0313","18"
"0314","10"
"0315","34"
"0316","28"
"0317","20"
"0318","26"
"0319","18"
"0320","20"
"0321","20"
"0322","18"
"0323","4"
"0324","26"
"0325","16"
"0326","18"
"0327","16"
"0328","20"
"0329","18"
"0330","32"
"0331","14"
"0332","28"
"0333","20"
"0334","12"
"0335","20"
"0336","16"
"0337","12"
"0338","24"
"0339","20"
"0340","16"
"0341","20"
"0342","22"
"0343","16"
"0344","20"
"0345","22"
"0346","20"
"0347","20"
"0348","18"
"0349","10"
"0350","12"
"0351","18"
"0352","14"
"0353","10"
"0354","16"
"0355","16"
"0356","24"
"0357","8"
"0358","18"
"0359","24"
"0360","30"
"0361","18"
"0362","24"
"0363","20"
"0364","14"
"0365","28"
"0366","12"
"0367","12"
"0368","28"
"0369","16"
"0370","18"
"0371","24"
"0372","28"
"0373","22"
"0374","18"
"0375","30"
"0376","18"
"0377","16"
"0378","22"
"0379","14"
"0380","20"
"0381","24"
"0382","14"
"0383","20"
"0384","10"
"0385","24"
"0386","18"
"0387","10"
"0388","28"
"0389","16"
"0390","14"
"0391","12"
"0392","16"
"0393","20"
"0394","38"
"0395","18"
"0396","8"
"0397","28"
"0398","8"
"0399","16"
"0400","22"
"0401","6"
"0402","30"
"0403","22"
"0404","22"
"0405","10"
"0406","22"
"0407","6"
"0408","26"
"0409","26"
"0410","16"
"0411","18"
"0412","20"
"0413","30"
"0414","16"
"0415","18"
"0416","22"
"0417","16"
"0418","30"
"0419","22"
"0420","16"
"0421","10"
"0422","34"
"0423","18"
"0424","24"
"0425","14"
"0426","32"
"0427","18"
"0428","24"
"0429","22"
"0430","24"
"0431","26"
"0432","28"
"0433","12"
"0434","20"
"0435","18"
"0436","10"
"0437","22"
"0438","20"
"0439","16"
"0440","26"
"0441","16"
"0442","14"
"0443","20"
"0444","18"
"0445","24"
"0446","16"
"0447","14"
"0448","14"
"0449","14"
"0450","28"
"0451","16"
"0452","28"
"0453","30"
"0454","26"
"0455","18"
"0456","24"
"0457","34"
"0458","20"
"0459","14"
"0460","18"
"0461","30"
"0462","26"
"0463","32"
"0464","22"
"0465","16"
"0466","22"
"0467","22"
"0468","24"
"0469","16"
"0470","20"
"0471","18"
"0472","20"
"0473","16"
"0474","24"
"0475","16"
"0476","16"
"0477","22"
"0478","6"
"0479","14"
"0480","26"
"0481","12"
"0482","18"
"0483","12"
"0484","22"
"0485","18"
"0486","22"
"0487","20"
"0488","28"
"0489","14"
"0490","22"
"0491","20"
"0492","10"
"0493","28"
"0494","18"
"0495","22"
"0496","24"
"0497","16"
"0498","14"
"0499","12"
"0500","14"
"0501","28"
"0502","4"
"0503","18"
"0504","18"
"0505","36"
"0506","12"
"0507","22"
"0508","18"
"0509","16"
"0510","18"
"0511","16"
"0512","26"
"0513","30"
"0514","24"
"0515","22"
"0516","22"
"0517","24"
"0518","18"
"0519","24"
"0520","30"
"0521","32"
"0522","18"
"0523","22"
"0524","10"
"0525","16"
"0526","30"
"0527","20"
"0528","10"
"0529","16"
"0530","20"
"0531","18"
"0532","12"
"0533","22"
"0534","28"
"0535","24"
"0536","24"
"0537","20"
"0538","24"
"0539","12"
"0540","20"
"0541","22"
"0542","16"
"0543","16"
"0544","30"
"0545","22"
"0546","22"
"0547","20"
"0548","26"
"0549","24"
"0550","20"
"0551","24"
"0552","10"
"0553","20"
"0554","20"
"0555","22"
"0556","18"
"0557","20"
"0558","14"
"0559","28"
"0560","22"
"0561","18"
"0562","28"
"0563","16"
"0564","24"
"0565","22"
"0566","24"
"0567","24"
"0568","14"
"0569","20"
"0570","16"
"0571","18"
"0572","20"
"0573","22"
"0574","16"
"0575","22"
"0576","18"
"0577","18"
"0578","22"
"0579","18"
"0580","12"
"0581","18"
"0582","18"
"0583","16"
"0584","32"
"0585","24"
"0586","14"
"0587","16"
"0588","16"
"0589","22"
"0590","10"
"0591","24"
"0592","22"
"0593","20"
"0594","16"
"0595","20"
"0596","18"
"0597","14"
"0598","28"
"0599","18"
"0600","22"
"0601","12"
"0602","22"
"0603","12"
"0604","24"
"0605","14"
"0606","18"
"0607","24"
"0608","8"
"0609","26"
"0610","14"
"0611","16"
"0612","20"
"0613","24"
"0614","14"
"0615","12"
"0616","22"
"0617","20"
"0618","22"
"0619","16"
"0620","12"
"0621","18"
"0622","16"
"0623","26"
"0624","14"
"0625","18"
"0626","14"
"0627","20"
"0628","34"
"0629","16"
"0630","24"
"0631","28"
"0632","10"
"0633","24"
"0634","30"
"0635","20"
"0636","18"
"0637","18"
"0638","28"
"0639","26"
"0640","38"
"0641","22"
"0642","22"
"0643","14"
"0644","24"
"0645","20"
"0646","28"
"0647","10"
"0648","26"
"0649","16"
"0650","20"
"0651","16"
"0652","16"
"0653","24"
"0654","20"
"0655","22"
"0656","26"
"0657","10"
"0658","26"
"0659","18"
"0660","12"
"0661","20"
"0662","28"
"0663","34"
"0664","24"
"0665","22"
"0666","16"
"0667","18"
"0668","20"
"0669","20"
"0670","28"
"0671","16"
"0672","16"
"0673","24"
"0674","20"
"0675","10"
"0676","18"
"0677","16"
"0678","30"
"0679","24"
"0680","16"
"0681","18"
"0682","18"
"0683","22"
"0684","34"
"0685","20"
"0686","18"
"0687","22"
"0688","16"
"0689","18"
"0690","12"
"0691","26"
"0692","12"
"0693","20"
"0694","34"
"0695","22"
"0696","20"
"0697","18"
"0698","32"
"0699","8"
"0700","28"
"0701","22"
"0702","24"
"0703","26"
"0704","22"
"0705","28"
"0706","20"
"0707","22"
"0708","32"
"0709","26"
"0710","12"
"0711","12"
"0712","22"
"0713","14"
"0714","18"
"0715","30"
"0716","24"
"0717","28"
"0718","20"
"0719","20"
"0720","22"
"0721","16"
"0722","18"
"0723","22"
"0724","18"
"0725","22"
"0726","30"
"0727","22"
"0728","16"
"0729","26"
"0730","28"
"0731","14"
"0732","22"
"0733","28"
"0734","24"
"0735","26"
"0736","12"
"0737","18"
"0738","10"
"0739","38"
"0740","24"
"0741","24"
"0742","18"
"0743","10"
"0744","20"
"0745","16"
"0746","10"
"0747","16"
"0748","24"
"0749","20"
"0750","8"
"0751","22"
"0752","12"
"0753","20"
"0754","24"
"0755","24"
"0756","26"
"0757","30"
"0758","32"
"0759","32"
"0760","18"
"0761","10"
"0762","12"
"0763","20"
"0764","10"
"0765","12"
"0766","16"
"0767","16"
"0768","18"
"0769","18"
"0770","28"
"0771","18"
"0772","32"
"0773","30"
"0774","20"
"0775","16"
"0776","14"
"0777","34"
"0778","12"
"0779","24"
"0780","20"
"0781","22"
"0782","14"
"0783","42"
"0784","26"
"0785","18"
"0786","18"
"0787","22"
"0788","14"
"0789","18"
"0790","22"
"0791","28"
"0792","22"
"0793","20"
"0794","20"
"0795","24"
"0796","8"
"0797","22"
"0798","24"
"0799","14"
"0800","10"
"0801","26"
"0802","22"
"0803","20"
"0804","22"
"0805","22"
"0806","10"
"0807","14"
"0808","18"
"0809","16"
"0810","14"
"0811","18"
"0812","16"
"0813","26"
"0814","30"
"0815","12"
"0816","24"
"0817","18"
"0818","16"
"0819","16"
"0820","28"
"0821","24"
"0822","14"
"0823","20"
"0824","22"
"0825","24"
"0826","22"
"0827","16"
"0828","28"
"0829","20"
"0830","14"
"0831","14"
"0832","22"
"0833","20"
"0834","28"
"0835","30"
"0836","28"
"0837","18"
"0838","26"
"0839","20"
"0840","18"
"0841","28"
"0842","12"
"0843","22"
"0844","20"
"0845","16"
"0846","14"
"0847","22"
"0848","20"
"0849","22"
"0850","24"
"0851","20"
"0852","18"
"0853","24"
"0854","22"
"0855","22"
"0856","20"
"0857","20"
"0858","10"
"0859","16"
"0860","8"
"0861","12"
"0862","18"
"0863","8"
"0864","16"
"0865","22"
"0866","14"
"0867","34"
"0868","12"
"0869","14"
"0870","20"
"0871","24"
"0872","30"
"0873","22"
"0874","14"
"0875","24"
"0876","20"
"0877","24"
"0878","20"
"0879","18"
"0880","22"
"0881","18"
"0882","22"
"0883","30"
"0884","22"
"0885","16"
"0886","20"
"0887","18"
"0888","18"
"0889","18"
"0890","24"
"0891","12"
"0892","10"
"0893","28"
"0894","24"
"0895","22"
"0896","14"
"0897","20"
"0898","24"
"0899","18"
"0900","10"
"0901","16"
"0902","10"
"0903","6"
"0904","26"
"0905","22"
"0906","10"
"0907","20"
"0908","18"
"0909","20"
"0910","28"
"0911","10"
"0912","26"
"0913","12"
"0914","16"
"0915","22"
"0916","28"
"0917","22"
"0918","18"
"0919","22"
"0920","8"
"0921","20"
"0922","14"
"0923","24"
"0924","18"
"0925","22"
"0926","16"
"0927","24"
"0928","16"
"0929","26"
"0930","12"
"0931","30"
"0932","18"
"0933","12"
"0934","22"
"0935","16"
"0936","30"
"0937","16"
"0938","12"
"0939","20"
"0940","18"
"0941","36"
"0942","20"
"0943","20"
"0944","12"
"0945","22"
"0946","18"
"0947","6"
"0948","12"
"0949","10"
"0950","18"
"0951","14"
"0952","16"
"0953","16"
"0954","28"
"0955","28"
"0956","24"
"0957","22"
"0958","20"
"0959","18"
"0960","8"
"0961","24"
"0962","20"
"0963","30"
"0964","18"
"0965","16"
"0966","20"
"0967","18"
"0968","16"
"0969","18"
"0970","32"
"0971","22"
"0972","16"
"0973","26"
"0974","14"
"0975","14"
"0976","18"
"0977","12"
"0978","22"
"0979","20"
"0980","30"
"0981","32"
"0982","26"
"0983","20"
"0984","20"
"0985","14"
"0986","22"
"0987","24"
"0988","16"
"0989","20"
"0990","24"
"0991","12"
"0992","14"
"0993","20"
"0994","30"
"0995","26"
"0996","26"
"0997","14"
"0998","18"
"0999","12"
"1000","26"
"1001","14"
"1002","24"
"1003","18"
"1004","20"
"1005","16"
"1006","26"
"1007","22"
"1008","16"
"1009","24"
"1010","24"
"1011","10"
"1012","18"
"1013","10"
"1014","22"
"1015","20"
"1016","28"
"1017","18"
"1018","18"
"1019","22"
"1020","14"
"1021","16"
"1022","22"
"1023","10"
"1024","20"
"1025","16"
"1026","12"
"1027","14"
"1028","36"
"1029","22"
"1030","28"
"1031","36"
"1032","28"
"1033","16"
"1034","22"
"1035","18"
"1036","12"
"1037","8"
"1038","20"
"1039","18"
"1040","30"
"1041","26"
"1042","30"
"1043","20"
"1044","20"
"1045","38"
"1046","20"
"1047","36"
"1048","14"
"1049","20"
"1050","24"
"1051","30"
"1052","20"
"1053","14"
"1054","16"
"1055","14"
"1056","4"
"1057","26"
"1058","26"
"1059","26"
"1060","30"
"1061","14"
"1062","20"
"1063","14"
"1064","12"
"1065","26"
"1066","18"
"1067","16"
"1068","12"
"1069","14"
"1070","18"
"1071","12"
"1072","26"
"1073","18"
"1074","20"
"1075","16"
"1076","16"
"1077","34"
"1078","16"
"1079","18"
"1080","22"
"1081","22"
"1082","14"
"1083","24"
"1084","14"
"1085","18"
"1086","20"
"1087","26"
"1088","34"
"1089","18"
"1090","26"
"1091","26"
"1092","26"
"1093","28"
"1094","24"
"1095","18"
"1096","6"
"1097","10"
"1098","22"
"1099","28"
"1100","18"
"1101","26"
"1102","24"
"1103","22"
"1104","16"
"1105","24"
"1106","14"
"1107","20"
"1108","26"
"1109","24"
"1110","18"
"1111","34"
"1112","14"
"1113","14"
"1114","26"
"1115","18"
"1116","14"
"1117","26"
"1118","22"
"1119","10"
"1120","18"
"1121","18"
"1122","18"
"1123","16"
"1124","32"
"1125","16"
"1126","16"
"1127","18"
"1128","26"
"1129","10"
"1130","22"
"1131","26"
"1132","10"
"1133","28"
"1134","14"
"1135","24"
"1136","16"
"1137","18"
"1138","22"
"1139","18"
"1140","16"
"1141","12"
"1142","18"
"1143","24"
"1144","22"
"1145","16"
"1146","20"
"1147","20"
"1148","16"
"1149","10"
"1150","20"
"1151","12"
"1152","22"
"1153","20"
"1154","18"
"1155","22"
"1156","16"
"1157","10"
"1158","22"
"1159","24"
"1160","22"
"1161","18"
"1162","12"
"1163","22"
"1164","16"
"1165","28"
"1166","12"
"1167","20"
"1168","16"
"1169","30"
"1170","12"
"1171","20"
"1172","22"
"1173","14"
"1174","12"
"1175","6"
"1176","32"
"1177","18"
"1178","14"
"1179","22"
"1180","16"
"1181","16"
"1182","22"
"1183","16"
"1184","22"
"1185","24"
"1186","26"
"1187","18"
"1188","18"
"1189","14"
"1190","26"
"1191","20"
"1192","26"
"1193","18"
"1194","8"
"1195","26"
"1196","24"
"1197","20"
"1198","20"
"1199","6"
"1200","22"
"1201","12"
"1202","10"
"1203","24"
"1204","20"
"1205","12"
"1206","28"
"1207","18"
"1208","24"
"1209","14"
"1210","24"
"1211","22"
"1212","14"
"1213","16"
"1214","24"
"1215","18"
"1216","32"
"1217","14"
"1218","20"
"1219","10"
"1220","20"
"1221","28"
"1222","22"
"1223","16"
"1224","18"
"1225","24"
"1226","14"
"1227","14"
"1228","20"
"1229","22"
"1230","8"
"1231","10"
"1232","22"
"1233","24"
"1234","26"
"1235","24"
"1236","8"
"1237","18"
"1238","10"
"1239","26"
"1240","22"
"1241","18"
"1242","28"
"1243","16"
"1244","22"
"1245","26"
"1246","18"
"1247","18"
"1248","30"
"1249","26"
"1250","34"
"1251","24"
"1252","18"
"1253","16"
"1254","14"
"1255","24"
"1256","16"
"1257","32"
"1258","20"
"1259","24"
"1260","18"
"1261","10"
"1262","26"
"1263","16"
"1264","20"
"1265","18"
"1266","22"
"1267","18"
"1268","10"
"1269","28"
"1270","22"
"1271","8"
"1272","16"
"1273","24"
"1274","26"
"1275","14"
"1276","14"
"1277","22"
"1278","24"
"1279","16"
"1280","8"
"1281","16"
"1282","12"
"1283","14"
"1284","24"
"1285","32"
"1286","16"
"1287","12"
"1288","18"
"1289","18"
"1290","12"
"1291","14"
"1292","22"
"1293","18"
"1294","38"
"1295","28"
"1296","24"
"1297","18"
"1298","20"
"1299","22"
"1300","20"
"1301","12"
"1302","12"
"1303","22"
"1304","20"
"1305","28"
"1306","18"
"1307","12"
"1308","20"
"1309","18"
"1310","16"
"1311","8"
"1312","20"
"1313","16"
"1314","10"
"1315","28"
"1316","22"
"1317","20"
"1318","18"
"1319","20"
"1320","18"
"1321","16"
"1322","26"
"1323","14"
"1324","26"
"1325","24"
"1326","30"
"1327","18"
"1328","24"
"1329","22"
"1330","24"
"1331","22"
"1332","14"
"1333","24"
"1334","20"
"1335","26"
"1336","26"
"1337","18"
"1338","18"
"1339","20"
"1340","20"
"1341","20"
"1342","30"
"1343","20"
"1344","18"
"1345","24"
"1346","12"
"1347","38"
"1348","14"
"1349","32"
"1350","14"
"1351","18"
"1352","16"
"1353","22"
"1354","26"
"1355","12"
"1356","28"
"1357","18"
"1358","26"
"1359","16"
"1360","18"
"1361","30"
"1362","6"
"1363","12"
"1364","24"
"1365","20"
"1366","18"
"1367","22"
"1368","26"
"1369","12"
"1370","14"
"1371","20"
"1372","24"
"1373","20"
"1374","20"
"1375","10"
"1376","10"
"1377","10"
"1378","24"
"1379","6"
"1380","24"
"1381","26"
"1382","18"
"1383","24"
"1384","14"
"1385","18"
"1386","28"
"1387","22"
"1388","24"
"1389","22"
"1390","32"
"1391","24"
"1392","20"
"1393","22"
"1394","10"
"1395","18"
"1396","24"
"1397","30"
"1398","20"
"1399","18"
"1400","32"
"1401","14"
"1402","14"
"1403","16"
"1404","10"
"1405","20"
"1406","14"
"1407","16"
"1408","12"
"1409","16"
"1410","20"
"1411","26"
"1412","16"
"1413","28"
"1414","24"
"1415","18"
"1416","14"
"1417","14"
"1418","26"
"1419","24"
"1420","30"
"1421","12"
"1422","16"
"1423","26"
"1424","18"
"1425","20"
"1426","14"
"1427","14"
"1428","12"
"1429","16"
"1430","16"
"1431","30"
"1432","20"
"1433","20"
"1434","14"
"1435","22"
"1436","6"
"1437","18"
"1438","28"
"1439","14"
"1440","18"
"1441","20"
"1442","12"
"1443","20"
"1444","24"
"1445","20"
"1446","12"
"1447","20"
"1448","10"
"1449","26"
"1450","18"
"1451","16"
"1452","12"
"1453","24"
"1454","18"
"1455","24"
"1456","20"
"1457","24"
"1458","22"
"1459","12"
"1460","16"
"1461","18"
"1462","20"
"1463","16"
"1464","10"
"1465","18"
"1466","16"
"1467","14"
"1468","32"
"1469","30"
"1470","18"
"1471","14"
"1472","16"
"1473","22"
"1474","20"
"1475","26"
"1476","24"
"1477","24"
"1478","18"
"1479","28"
"1480","26"
"1481","16"
"1482","28"
"1483","18"
"1484","12"
"1485","28"
"1486","18"
"1487","36"
"1488","12"
"1489","16"
"1490","24"
"1491","18"
"1492","10"
"1493","16"
"1494","14"
"1495","12"
"1496","22"
"1497","26"
"1498","24"
"1499","20"
"1500","18"
"1501","14"
"1502","30"
"1503","26"
"1504","18"
"1505","28"
"1506","20"
"1507","22"
"1508","24"
"1509","30"
"1510","18"
"1511","14"
"1512","20"
"1513","28"
"1514","14"
"1515","14"
"1516","8"
"1517","22"
"1518","14"
"1519","18"
"1520","36"
"1521","12"
"1522","12"
"1523","18"
"1524","26"
"1525","10"
"1526","10"
"1527","14"
"1528","22"
"1529","18"
"1530","24"
"1531","18"
"1532","38"
"1533","22"
"1534","26"
"1535","46"
"1536","16"
"1537","26"
"1538","16"
"1539","16"
"1540","32"
"1541","22"
"1542","28"
"1543","20"
"1544","26"
"1545","6"
"1546","24"
"1547","18"
"1548","22"
"1549","16"
"1550","22"
"1551","24"
"1552","18"
"1553","22"
"1554","30"
"1555","20"
"1556","22"
"1557","32"
"1558","20"
"1559","22"
"1560","16"
"1561","22"
"1562","22"
"1563","22"
"1564","18"
"1565","38"
"1566","16"
"1567","6"
"1568","24"
"1569","26"
"1570","14"
"1571","24"
"1572","20"
"1573","20"
"1574","28"
"1575","30"
"1576","22"
"1577","12"
"1578","12"
"1579","18"
"1580","18"
"1581","20"
"1582","32"
"1583","16"
"1584","22"
"1585","18"
"1586","16"
"1587","20"
"1588","26"
"1589","18"
"1590","26"
"1591","16"
"1592","18"
"1593","20"
"1594","18"
"1595","28"
"1596","22"
"1597","18"
"1598","20"
"1599","22"
"1600","18"
"1601","18"
"1602","12"
"1603","18"
"1604","12"
"1605","14"
"1606","18"
"1607","16"
"1608","10"
"1609","10"
"1610","14"
"1611","20"
"1612","16"
"1613","18"
"1614","26"
"1615","20"
"1616","28"
"1617","12"
"1618","12"
"1619","14"
"1620","20"
"1621","20"
"1622","20"
"1623","10"
"1624","20"
"1625","20"
"1626","26"
"1627","26"
"1628","22"
"1629","18"
"1630","14"
"1631","28"
"1632","16"
"1633","24"
"1634","18"
"1635","18"
"1636","16"
"1637","14"
"1638","18"
"1639","18"
"1640","14"
"1641","16"
"1642","36"
"1643","30"
"1644","16"
"1645","22"
"1646","16"
"1647","28"
"1648","24"
"1649","16"
"1650","4"
"1651","22"
"1652","10"
"1653","16"
"1654","22"
"1655","24"
"1656","26"
"1657","24"
"1658","22"
"1659","12"
"1660","14"
"1661","18"
"1662","14"
"1663","26"
"1664","20"
"1665","16"
"1666","26"
"1667","28"
"1668","16"
"1669","20"
"1670","26"
"1671","8"
"1672","16"
"1673","20"
"1674","22"
"1675","20"
"1676","20"
"1677","28"
"1678","18"
"1679","24"
"1680","26"
"1681","16"
"1682","22"
"1683","14"
"1684","22"
"1685","14"
"1686","28"
"1687","14"
"1688","14"
"1689","16"
"1690","16"
"1691","20"
"1692","16"
"1693","22"
"1694","14"
"1695","36"
"1696","16"
"1697","38"
"1698","18"
"1699","18"
"1700","8"
"1701","26"
"1702","20"
"1703","14"
"1704","24"
"1705","18"
"1706","22"
"1707","16"
"1708","16"
"1709","14"
"1710","24"
"1711","14"
"1712","16"
"1713","32"
"1714","28"
"1715","26"
"1716","20"
"1717","16"
"1718","14"
"1719","18"
"1720","22"
"1721","24"
"1722","22"
"1723","10"
"1724","30"
"1725","30"
"1726","10"
"1727","20"
"1728","18"
"1729","22"
"1730","14"
"1731","12"
"1732","26"
"1733","32"
"1734","24"
"1735","12"
"1736","28"
"1737","22"
"1738","38"
"1739","14"
"1740","36"
"1741","20"
"1742","24"
"1743","24"
"1744","18"
"1745","14"
"1746","22"
"1747","28"
"1748","20"
"1749","16"
"1750","8"
"1751","14"
"1752","12"
"1753","14"
"1754","28"
"1755","22"
"1756","22"
"1757","22"
"1758","8"
"1759","10"
"1760","18"
"1761","22"
"1762","16"
"1763","16"
"1764","16"
"1765","22"
"1766","16"
"1767","26"
"1768","26"
"1769","16"
"1770","22"
"1771","24"
"1772","14"
"1773","10"
"1774","32"
"1775","20"
"1776","26"
"1777","6"
"1778","22"
"1779","18"
"1780","22"
"1781","22"
"1782","16"
"1783","22"
"1784","8"
"1785","18"
"1786","24"
"1787","22"
"1788","8"
"1789","16"
"1790","26"
"1791","12"
"1792","30"
"1793","16"
"1794","18"
"1795","22"
"1796","30"
"1797","20"
"1798","24"
"1799","14"
"1800","26"
"1801","8"
"1802","14"
"1803","24"
"1804","22"
"1805","16"
"1806","22"
"1807","16"
"1808","14"
"1809","24"
"1810","18"
"1811","24"
"1812","22"
"1813","30"
"1814","26"
"1815","22"
"1816","22"
"1817","24"
"1818","20"
"1819","10"
"1820","16"
"1821","16"
"1822","14"
"1823","26"
"1824","20"
"1825","22"
"1826","16"
"1827","20"
"1828","24"
"1829","22"
"1830","20"
"1831","22"
"1832","22"
"1833","24"
"1834","26"
"1835","10"
"1836","16"
"1837","24"
"1838","20"
"1839","14"
"1840","20"
"1841","16"
"1842","16"
"1843","20"
"1844","16"
"1845","26"
"1846","22"
"1847","14"
"1848","22"
"1849","22"
"1850","24"
"1851","22"
"1852","14"
"1853","36"
"1854","18"
"1855","18"
"1856","22"
"1857","16"
"1858","12"
"1859","14"
"1860","14"
"1861","24"
"1862","28"
"1863","28"
"1864","20"
"1865","10"
"1866","34"
"1867","14"
"1868","8"
"1869","20"
"1870","22"
"1871","18"
"1872","10"
"1873","20"
"1874","6"
"1875","18"
"1876","8"
"1877","14"
"1878","22"
"1879","20"
"1880","20"
"1881","22"
"1882","20"
"1883","26"
"1884","26"
"1885","20"
"1886","12"
"1887","8"
"1888","20"
"1889","24"
"1890","12"
"1891","16"
"1892","20"
"1893","12"
"1894","18"
"1895","16"
"1896","28"
"1897","26"
"1898","14"
"1899","24"
"1900","18"
"1901","24"
"1902","34"
"1903","30"
"1904","24"
"1905","18"
"1906","16"
"1907","14"
"1908","6"
"1909","22"
"1910","24"
"1911","20"
"1912","22"
"1913","12"
"1914","4"
"1915","16"
"1916","24"
"1917","24"
"1918","22"
"1919","16"
"1920","10"
"1921","30"
"1922","24"
"1923","16"
"1924","22"
"1925","26"
"1926","16"
"1927","22"
"1928","12"
"1929","18"
"1930","16"
"1931","28"
"1932","26"
"1933","18"
"1934","22"
"1935","34"
"1936","20"
"1937","26"
"1938","26"
"1939","20"
"1940","26"
"1941","20"
"1942","18"
"1943","20"
"1944","18"
"1945","22"
"1946","18"
"1947","28"
"1948","28"
"1949","24"
"1950","8"
"1951","20"
"1952","24"
"1953","16"
"1954","14"
"1955","20"
"1956","14"
"1957","22"
"1958","14"
"1959","26"
"1960","22"
"1961","28"
"1962","12"
"1963","22"
"1964","18"
"1965","12"
"1966","26"
"1967","24"
"1968","20"
"1969","14"
"1970","12"
"1971","20"
"1972","18"
"1973","30"
"1974","14"
"1975","32"
"1976","18"
"1977","22"
"1978","22"
"1979","18"
"1980","16"
"1981","20"
"1982","24"
"1983","24"
"1984","36"
"1985","8"
"1986","14"
"1987","18"
"1988","32"
"1989","18"
"1990","12"
"1991","14"
"1992","18"
"1993","22"
"1994","16"
"1995","20"
"1996","26"
"1997","18"
"1998","28"
"1999","16"
"2000","22"
"2001","16"
"2002","18"
"2003","22"
"2004","20"
"2005","24"
"2006","22"
"2007","20"
"2008","24"
"2009","24"
"2010","8"
"2011","14"
"2012","10"
"2013","18"
"2014","16"
"2015","12"
"2016","8"
"2017","26"
"2018","10"
"2019","26"
"2020","22"
"2021","14"
"2022","10"
"2023","26"
"2024","24"
"2025","16"
"2026","20"
"2027","32"
"2028","24"
"2029","16"
"2030","20"
"2031","24"
"2032","34"
"2033","22"
"2034","24"
"2035","22"
"2036","14"
"2037","18"
"2038","28"
"2039","26"
"2040","14"
"2041","24"
"2042","16"
"2043","28"
"2044","24"
"2045","12"
"2046","28"
"2047","18"
"2048","16"
"2049","34"
"2050","40"
"2051","16"
"2052","26"
"2053","22"
"2054","28"
"2055","20"
"2056","16"
"2057","14"
"2058","20"
"2059","14"
"2060","30"
"2061","16"
"2062","14"
"2063","12"
"2064","28"
"2065","28"
"2066","22"
"2067","18"
"2068","26"
"2069","22"
"2070","16"
"2071","16"
"2072","28"
"2073","28"
"2074","22"
"2075","12"
"2076","10"
"2077","24"
"2078","12"
"2079","20"
"2080","14"
"2081","26"
"2082","22"
"2083","16"
"2084","18"
"2085","26"
"2086","16"
"2087","12"
"2088","14"
"2089","14"
"2090","16"
"2091","22"
"2092","28"
"2093","12"
"2094","20"
"2095","20"
"2096","14"
"2097","22"
"2098","10"
"2099","18"
"2100","18"
"2101","20"
"2102","12"
"2103","24"
"2104","16"
"2105","12"
"2106","20"
"2107","12"
"2108","20"
"2109","30"
"2110","12"
"2111","12"
"2112","22"
"2113","36"
"2114","32"
"2115","24"
"2116","12"
"2117","30"
"2118","16"
"2119","28"
"2120","22"
"2121","18"
"2122","34"
"2123","16"
"2124","14"
"2125","16"
"2126","16"
"2127","26"
"2128","12"
"2129","16"
"2130","28"
"2131","18"
"2132","28"
"2133","28"
"2134","20"
"2135","24"
"2136","30"
"2137","32"
"2138","12"
"2139","30"
"2140","20"
"2141","10"
"2142","30"
"2143","18"
"2144","14"
"2145","36"
"2146","24"
"2147","30"
"2148","20"
"2149","18"
"2150","28"
"2151","16"
"2152","22"
"2153","20"
"2154","10"
"2155","22"
"2156","16"
"2157","26"
"2158","22"
"2159","16"
"2160","22"
"2161","10"
"2162","24"
"2163","34"
"2164","24"
"2165","32"
"2166","24"
"2167","16"
"2168","26"
"2169","22"
"2170","10"
"2171","12"
"2172","12"
"2173","20"
"2174","18"
"2175","22"
"2176","24"
"2177","18"
"2178","14"
"2179","32"
"2180","16"
"2181","12"
"2182","28"
"2183","20"
"2184","10"
"2185","26"
"2186","2"
"2187","22"
"2188","22"
"2189","18"
"2190","22"
"2191","32"
"2192","12"
"2193","8"
"2194","26"
"2195","14"
"2196","14"
"2197","12"
"2198","8"
"2199","24"
"2200","36"
"2201","22"
"2202","12"
"2203","18"
"2204","26"
"2205","14"
"2206","14"
"2207","22"
"2208","22"
"2209","22"
"2210","26"
"2211","18"
"2212","16"
"2213","14"
"2214","18"
"2215","14"
"2216","24"
"2217","28"
"2218","26"
"2219","14"
"2220","28"
"2221","26"
"2222","34"
"2223","12"
"2224","16"
"2225","18"
"2226","22"
"2227","18"
"2228","30"
"2229","16"
"2230","20"
"2231","28"
"2232","22"
"2233","30"
"2234","30"
"2235","18"
"2236","20"
"2237","22"
"2238","18"
"2239","18"
"2240","44"
"2241","16"
"2242","30"
"2243","20"
"2244","26"
"2245","24"
"2246","20"
"2247","14"
"2248","24"
"2249","18"
"2250","12"
"2251","10"
"2252","30"
"2253","20"
"2254","18"
"2255","14"
"2256","20"
"2257","26"
"2258","22"
"2259","20"
"2260","12"
"2261","18"
"2262","16"
"2263","14"
"2264","16"
"2265","20"
"2266","18"
"2267","34"
"2268","10"
"2269","22"
"2270","20"
"2271","12"
"2272","16"
"2273","22"
"2274","28"
"2275","26"
"2276","30"
"2277","28"
"2278","18"
"2279","16"
"2280","14"
"2281","24"
"2282","18"
"2283","16"
"2284","10"
"2285","18"
"2286","30"
"2287","22"
"2288","20"
"2289","16"
"2290","28"
"2291","28"
"2292","14"
"2293","12"
"2294","18"
"2295","24"
"2296","20"
"2297","10"
"2298","22"
"2299","20"
"2300","26"
"2301","12"
"2302","22"
"2303","22"
"2304","24"
"2305","22"
"2306","22"
"2307","28"
"2308","14"
"2309","16"
"2310","20"
"2311","20"
"2312","20"
"2313","22"
"2314","14"
"2315","6"
"2316","24"
"2317","12"
"2318","24"
"2319","14"
"2320","20"
"2321","16"
"2322","24"
"2323","18"
"2324","18"
"2325","12"
"2326","12"
"2327","20"
"2328","24"
"2329","38"
"2330","22"
"2331","18"
"2332","14"
"2333","6"
"2334","18"
"2335","18"
"2336","8"
"2337","24"
"2338","12"
"2339","16"
"2340","14"
"2341","32"
"2342","28"
"2343","24"
"2344","20"
"2345","26"
"2346","24"
"2347","24"
"2348","24"
"2349","28"
"2350","16"
"2351","20"
"2352","16"
"2353","20"
"2354","14"
"2355","16"
"2356","24"
"2357","24"
"2358","38"
"2359","28"
"2360","26"
"2361","12"
"2362","14"
"2363","6"
"2364","20"
"2365","18"
"2366","24"
"2367","18"
"2368","16"
"2369","20"
"2370","10"
"2371","16"
"2372","12"
"2373","18"
"2374","22"
"2375","18"
"2376","12"
"2377","14"
"2378","8"
"2379","22"
"2380","18"
"2381","14"
"2382","24"
"2383","20"
"2384","18"
"2385","14"
"2386","22"
"2387","22"
"2388","30"
"2389","18"
"2390","24"
"2391","18"
"2392","30"
"2393","12"
"2394","20"
"2395","28"
"2396","26"
"2397","18"
"2398","12"
"2399","16"
"2400","18"
"2401","22"
"2402","20"
"2403","22"
"2404","18"
"2405","20"
"2406","20"
"2407","20"
"2408","20"
"2409","20"
"2410","30"
"2411","26"
"2412","18"
"2413","24"
"2414","14"
"2415","28"
"2416","24"
"2417","22"
"2418","12"
"2419","18"
"2420","18"
"2421","12"
"2422","24"
"2423","24"
"2424","20"
"2425","12"
"2426","18"
"2427","14"
"2428","10"
"2429","18"
"2430","16"
"2431","20"
"2432","12"
"2433","30"
"2434","16"
"2435","24"
"2436","14"
"2437","24"
"2438","22"
"2439","24"
"2440","18"
"2441","10"
"2442","22"
"2443","22"
"2444","20"
"2445","22"
"2446","18"
"2447","6"
"2448","16"
"2449","20"
"2450","22"
"2451","20"
"2452","18"
"2453","26"
"2454","20"
"2455","12"
"2456","30"
"2457","14"
"2458","10"
"2459","22"
"2460","38"
"2461","22"
"2462","10"
"2463","22"
"2464","18"
"2465","12"
"2466","28"
"2467","14"
"2468","26"
"2469","26"
"2470","22"
"2471","20"
"2472","20"
"2473","18"
"2474","26"
"2475","26"
"2476","18"
"2477","24"
"2478","12"
"2479","20"
"2480","22"
"2481","12"
"2482","16"
"2483","14"
"2484","22"
"2485","24"
"2486","14"
"2487","20"
"2488","28"
"2489","10"
"2490","24"
"2491","36"
"2492","28"
"2493","18"
"2494","22"
"2495","18"
"2496","24"
"2497","12"
"2498","18"
"2499","14"
"2500","12"
"2501","14"
"2502","18"
"2503","24"
"2504","16"
"2505","20"
"2506","24"
"2507","22"
"2508","20"
"2509","24"
"2510","18"
"2511","10"
"2512","16"
"2513","20"
"2514","26"
"2515","12"
"2516","24"
"2517","18"
"2518","20"
"2519","8"
"2520","24"
"2521","26"
"2522","22"
"2523","16"
"2524","20"
"2525","28"
"2526","20"
"2527","24"
"2528","18"
"2529","20"
"2530","20"
"2531","18"
"2532","12"
"2533","16"
"2534","12"
"2535","22"
"2536","14"
"2537","22"
"2538","16"
"2539","20"
"2540","16"
"2541","18"
"2542","32"
"2543","28"
"2544","16"
"2545","22"
"2546","10"
"2547","22"
"2548","16"
"2549","24"
"2550","22"
"2551","18"
"2552","34"
"2553","36"
"2554","22"
"2555","20"
"2556","18"
"2557","14"
"2558","22"
"2559","14"
"2560","16"
"2561","26"
"2562","24"
"2563","22"
"2564","20"
"2565","12"
"2566","16"
"2567","22"
"2568","32"
"2569","28"
"2570","28"
"2571","24"
"2572","14"
"2573","20"
"2574","26"
"2575","10"
"2576","16"
"2577","6"
"2578","20"
"2579","16"
"2580","28"
"2581","20"
"2582","22"
"2583","12"
"2584","10"
"2585","18"
"2586","20"
"2587","16"
"2588","22"
"2589","14"
"2590","24"
"2591","8"
"2592","16"
"2593","16"
"2594","26"
"2595","20"
"2596","14"
"2597","22"
"2598","28"
"2599","26"
"2600","24"
"2601","32"
"2602","38"
"2603","18"
"2604","22"
"2605","28"
"2606","26"
"2607","20"
"2608","22"
"2609","20"
"2610","16"
"2611","18"
"2612","24"
"2613","20"
"2614","22"
"2615","36"
"2616","8"
"2617","24"
"2618","20"
"2619","14"
"2620","12"
"2621","18"
"2622","24"
"2623","20"
"2624","22"
"2625","18"
"2626","28"
"2627","10"
"2628","20"
"2629","18"
"2630","26"
"2631","18"
"2632","30"
"2633","24"
"2634","22"
"2635","20"
"2636","32"
"2637","12"
"2638","16"
"2639","18"
"2640","20"
"2641","24"
"2642","18"
"2643","20"
"2644","34"
"2645","16"
"2646","10"
"2647","14"
"2648","22"
"2649","18"
"2650","10"
"2651","20"
"2652","20"
"2653","10"
"2654","16"
"2655","24"
"2656","14"
"2657","16"
"2658","28"
"2659","12"
"2660","16"
"2661","24"
"2662","20"
"2663","18"
"2664","28"
"2665","18"
"2666","22"
"2667","16"
"2668","30"
"2669","18"
"2670","22"
"2671","24"
"2672","26"
"2673","12"
"2674","18"
"2675","10"
"2676","18"
"2677","22"
"2678","20"
"2679","12"
"2680","24"
"2681","30"
"2682","14"
"2683","26"
"2684","16"
"2685","12"
"2686","20"
"2687","18"
"2688","12"
"2689","18"
"2690","18"
"2691","16"
"2692","26"
"2693","24"
"2694","12"
"2695","22"
"2696","20"
"2697","20"
"2698","32"
"2699","14"
"2700","14"
"2701","12"
"2702","12"
"2703","22"
"2704","24"
"2705","18"
"2706","10"
"2707","18"
"2708","22"
"2709","16"
"2710","16"
"2711","34"
"2712","12"
"2713","20"
"2714","22"
"2715","18"
"2716","26"
"2717","16"
"2718","24"
"2719","30"
"2720","16"
"2721","26"
"2722","22"
"2723","14"
"2724","16"
"2725","26"
"2726","18"
"2727","18"
"2728","32"
"2729","20"
"2730","14"
"2731","22"
"2732","24"
"2733","18"
"2734","12"
"2735","22"
"2736","22"
"2737","28"
"2738","14"
"2739","16"
"2740","16"
"2741","24"
"2742","16"
"2743","28"
"2744","22"
"2745","20"
"2746","24"
"2747","16"
"2748","22"
"2749","18"
"2750","30"
"2751","26"
"2752","20"
"2753","26"
"2754","14"
"2755","8"
"2756","14"
"2757","24"
"2758","14"
"2759","24"
"2760","26"
"2761","20"
"2762","14"
"2763","24"
"2764","24"
"2765","20"
"2766","18"
"2767","18"
"2768","14"
"2769","26"
"2770","14"
"2771","22"
"2772","12"
"2773","16"
"2774","20"
"2775","26"
"2776","10"
"2777","14"
"2778","24"
"2779","24"
"2780","20"
"2781","26"
"2782","16"
"2783","22"
"2784","18"
"2785","12"
"2786","22"
"2787","20"
"2788","18"
"2789","16"
"2790","20"
"2791","16"
"2792","38"
"2793","32"
"2794","18"
"2795","24"
"2796","16"
"2797","18"
"2798","26"
"2799","22"
"2800","20"
"2801","12"
"2802","4"
"2803","22"
"2804","18"
"2805","26"
"2806","18"
"2807","20"
"2808","24"
"2809","10"
"2810","16"
"2811","16"
"2812","16"
"2813","28"
"2814","16"
"2815","12"
"2816","12"
"2817","16"
"2818","26"
"2819","20"
"2820","16"
"2821","14"
"2822","16"
"2823","26"
"2824","20"
"2825","18"
"2826","22"
"2827","40"
"2828","24"
"2829","22"
"2830","8"
"2831","14"
"2832","28"
"2833","14"
"2834","22"
"2835","12"
"2836","16"
"2837","30"
"2838","16"
"2839","26"
"2840","14"
"2841","20"
"2842","24"
"2843","22"
"2844","16"
"2845","14"
"2846","22"
"2847","20"
"2848","20"
"2849","22"
"2850","18"
"2851","18"
"2852","14"
"2853","8"
"2854","14"
"2855","22"
"2856","16"
"2857","18"
"2858","16"
"2859","14"
"2860","14"
"2861","22"
"2862","24"
"2863","26"
"2864","14"
"2865","18"
"2866","26"
"2867","14"
"2868","24"
"2869","22"
"2870","22"
"2871","16"
"2872","24"
"2873","20"
"2874","20"
"2875","24"
"2876","16"
"2877","14"
"2878","24"
"2879","28"
"2880","22"
"2881","14"
"2882","26"
"2883","16"
"2884","10"
"2885","16"
"2886","24"
"2887","16"
"2888","22"
"2889","20"
"2890","28"
"2891","12"
"2892","18"
"2893","16"
"2894","28"
"2895","12"
"2896","18"
"2897","20"
"2898","16"
"2899","14"
"2900","24"
"2901","28"
"2902","20"
"2903","24"
"2904","10"
"2905","22"
"2906","14"
"2907","24"
"2908","12"
"2909","26"
"2910","20"
"2911","12"
"2912","10"
"2913","24"
"2914","26"
"2915","14"
"2916","22"
"2917","24"
"2918","22"
"2919","20"
"2920","12"
"2921","14"
"2922","20"
"2923","8"
"2924","20"
"2925","18"
"2926","16"
"2927","16"
"2928","22"
"2929","24"
"2930","14"
"2931","22"
"2932","22"
"2933","34"
"2934","26"
"2935","24"
"2936","2"
"2937","16"
"2938","28"
"2939","22"
"2940","26"
"2941","30"
"2942","26"
"2943","24"
"2944","24"
"2945","20"
"2946","32"
"2947","20"
"2948","12"
"2949","24"
"2950","26"
"2951","10"
"2952","16"
"2953","16"
"2954","18"
"2955","16"
"2956","22"
"2957","18"
"2958","14"
"2959","24"
"2960","10"
"2961","26"
"2962","24"
"2963","20"
"2964","24"
"2965","18"
"2966","14"
"2967","12"
"2968","18"
"2969","16"
"2970","30"
"2971","16"
"2972","20"
"2973","14"
"2974","18"
"2975","22"
"2976","18"
"2977","18"
"2978","24"
"2979","22"
"2980","22"
"2981","14"
"2982","20"
"2983","20"
"2984","14"
"2985","16"
"2986","14"
"2987","24"
"2988","32"
"2989","14"
"2990","28"
"2991","16"
"2992","20"
"2993","16"
"2994","16"
"2995","18"
"2996","16"
"2997","16"
"2998","22"
"2999","38"
"3000","10"
"3001","22"
"3002","12"
"3003","22"
"3004","18"
"3005","20"
"3006","14"
"3007","12"
"3008","22"
"3009","26"
"3010","12"
"3011","22"
"3012","10"
"3013","12"
"3014","26"
"3015","14"
"3016","18"
"3017","14"
"3018","28"
"3019","14"
"3020","26"
"3021","26"
"3022","24"
"3023","30"
"3024","16"
"3025","18"
"3026","8"
"3027","22"
"3028","22"
"3029","24"
"3030","10"
"3031","16"
"3032","20"
"3033","14"
"3034","20"
"3035","20"
"3036","14"
"3037","16"
"3038","16"
"3039","32"
"3040","22"
"3041","18"
"3042","18"
"3043","24"
"3044","6"
"3045","12"
"3046","28"
"3047","30"
"3048","14"
"3049","12"
"3050","20"
"3051","18"
"3052","18"
"3053","22"
"3054","20"
"3055","30"
"3056","18"
"3057","26"
"3058","12"
"3059","16"
"3060","24"
"3061","14"
"3062","32"
"3063","18"
"3064","26"
"3065","12"
"3066","6"
"3067","14"
"3068","16"
"3069","30"
"3070","18"
"3071","22"
"3072","18"
"3073","14"
"3074","24"
"3075","16"
"3076","20"
"3077","16"
"3078","10"
"3079","28"
"3080","20"
"3081","22"
"3082","22"
"3083","16"
"3084","14"
"3085","28"
